Age,Salary_lpa,SIP,Risk,Diversification
41,3.0,625,Low,"{'Equity': 0.3, 'Bonds': 0.3, 'FD': 0.2, 'Real Estate': 0.1, 'Gold': 0.1}"
50,3.09,644,Low,"{'Equity': 0.3, 'Bonds': 0.3, 'FD': 0.2, 'Real Estate': 0.1, 'Gold': 0.1}"
25,3.19,665,Low,"{'Equity': 0.3, 'Bonds': 0.3, 'FD': 0.2, 'Real Estate': 0.1, 'Gold': 0.1}"
58,3.28,683,High,"{'Equity': 0.5, 'Bonds': 0.2, 'FD': 0.1, 'Real Estate': 0.1, 'Gold': 0.1}"
70,3.38,704,Medium,"{'Equity': 0.4, 'Bonds': 0.25, 'FD': 0.15, 'Real Estate': 0.1, 'Gold': 0.1}"
69,3.47,723,High,"{'Equity': 0.5, 'Bonds': 0.2, 'FD': 0.1, 'Real Estate': 0.1, 'Gold': 0.1}"
37,3.57,744,Medium,"{'Equity': 0.4, 'Bonds': 0.25, 'FD': 0.15, 'Real Estate': 0.1, 'Gold': 0.1}"
66,3.66,762,Medium,"{'Equity': 0.4, 'Bonds': 0.25, 'FD': 0.15, 'Real Estate': 0.1, 'Gold': 0.1}"
37,3.75,781,High,"{'Equity': 0.5, 'Bonds': 0.2, 'FD': 0.1, 'Real Estate': 0.1, 'Gold': 0.1}"
35,3.85,802,Medium,"{'Equity': 0.4, 'Bonds': 0.25, 'FD': 0.15, 'Real Estate': 0.1, 'Gold': 0.1}"
56,3.94,821,Low,"{'Equity': 0.3, 'Bonds': 0.3, 'FD': 0.2, 'Real Estate': 0.1, 'Gold': 0.1}"
30,4.04,842,Low,"{'Equity': 0.3, 'Bonds': 0.3, 'FD': 0.2, 'Real Estate': 0.1, 'Gold': 0.1}"
53,4.13,860,Medium,"{'Equity': 0.4, 'Bonds': 0.25, 'FD': 0.15, 'Real Estate': 0.1, 'Gold': 0.1}"
52,4.22,879,Medium,"{'Equity': 0.4, 'Bonds': 0.25, 'FD': 0.15, 'Real Estate': 0.1, 'Gold': 0.1}"
40,4.32,900,Low,"{'Equity': 0.3, 'Bonds': 0.3, 'FD': 0.2, 'Real Estate': 0.1, 'Gold': 0.1}"
42,4.41,919,High,"{'Equity': 0.5, 'Bonds': 0.2, 'FD': 0.1, 'Real Estate': 0.1, 'Gold': 0.1}"
65,4.51,940,High,"{'Equity': 0.5, 'Bonds': 0.2, 'FD': 0.1, 'Real Estate': 0.1, 'Gold': 0.1}"
30,4.6,958,High,"{'Equity': 0.5, 'Bonds': 0.2, 'FD': 0.1, 'Real Estate': 0.1, 'Gold': 0.1}"
61,4.7,979,Medium,"{'Equity': 0.4, 'Bonds': 0.25, 'FD': 0.15, 'Real Estate': 0.1, 'Gold': 0.1}"
27,4.79,998,Medium,"{'Equity': 0.4, 'Bonds': 0.25, 'FD': 0.15, 'Real Estate': 0.1, 'Gold': 0.1}"
34,4.88,1017,Medium,"{'Equity': 0.4, 'Bonds': 0.25, 'FD': 0.15, 'Real Estate': 0.1, 'Gold': 0.1}"
25,4.98,1038,Low,"{'Equity': 0.3, 'Bonds': 0.3, 'FD': 0.2, 'Real Estate': 0.1, 'Gold': 0.1}"
21,5.07,1056,Medium,"{'Equity': 0.4, 'Bonds': 0.25, 'FD': 0.15, 'Real Estate': 0.1, 'Gold': 0.1}"
47,5.17,1077,Medium,"{'Equity': 0.4, 'Bonds': 0.25, 'FD': 0.15, 'Real Estate': 0.1, 'Gold': 0.1}"
60,5.26,1096,Low,"{'Equity': 0.3, 'Bonds': 0.3, 'FD': 0.2, 'Real Estate': 0.1, 'Gold': 0.1}"
50,5.35,1115,Medium,"{'Equity': 0.4, 'Bonds': 0.25, 'FD': 0.15, 'Real Estate': 0.1, 'Gold': 0.1}"
34,5.45,1135,Low,"{'Equity': 0.3, 'Bonds': 0.3, 'FD': 0.2, 'Real Estate': 0.1, 'Gold': 0.1}"
65,5.54,1154,Medium,"{'Equity': 0.4, 'Bonds': 0.25, 'FD': 0.15, 'Real Estate': 0.1, 'Gold': 0.1}"
47,5.64,1175,Medium,"{'Equity': 0.4, 'Bonds': 0.25, 'FD': 0.15, 'Real Estate': 0.1, 'Gold': 0.1}"
26,5.73,1194,Medium,"{'Equity': 0.4, 'Bonds': 0.25, 'FD': 0.15, 'Real Estate': 0.1, 'Gold': 0.1}"
54,5.83,1215,Low,"{'Equity': 0.3, 'Bonds': 0.3, 'FD': 0.2, 'Real Estate': 0.1, 'Gold': 0.1}"
43,5.92,1233,Low,"{'Equity': 0.3, 'Bonds': 0.3, 'FD': 0.2, 'Real Estate': 0.1, 'Gold': 0.1}"
40,6.01,1252,Low,"{'Equity': 0.3, 'Bonds': 0.3, 'FD': 0.2, 'Real Estate': 0.1, 'Gold': 0.1}"
60,6.11,1273,Low,"{'Equity': 0.3, 'Bonds': 0.3, 'FD': 0.2, 'Real Estate': 0.1, 'Gold': 0.1}"
44,6.2,1292,Low,"{'Equity': 0.3, 'Bonds': 0.3, 'FD': 0.2, 'Real Estate': 0.1, 'Gold': 0.1}"
41,6.3,1312,High,"{'Equity': 0.5, 'Bonds': 0.2, 'FD': 0.1, 'Real Estate': 0.1, 'Gold': 0.1}"
55,6.39,1331,Low,"{'Equity': 0.3, 'Bonds': 0.3, 'FD': 0.2, 'Real Estate': 0.1, 'Gold': 0.1}"
62,6.48,1350,Medium,"{'Equity': 0.4, 'Bonds': 0.25, 'FD': 0.15, 'Real Estate': 0.1, 'Gold': 0.1}"
66,6.58,1371,Low,"{'Equity': 0.3, 'Bonds': 0.3, 'FD': 0.2, 'Real Estate': 0.1, 'Gold': 0.1}"
48,6.67,1390,Medium,"{'Equity': 0.4, 'Bonds': 0.25, 'FD': 0.15, 'Real Estate': 0.1, 'Gold': 0.1}"
37,6.77,1410,Medium,"{'Equity': 0.4, 'Bonds': 0.25, 'FD': 0.15, 'Real Estate': 0.1, 'Gold': 0.1}"
44,6.86,1429,Low,"{'Equity': 0.3, 'Bonds': 0.3, 'FD': 0.2, 'Real Estate': 0.1, 'Gold': 0.1}"
41,6.96,1450,Low,"{'Equity': 0.3, 'Bonds': 0.3, 'FD': 0.2, 'Real Estate': 0.1, 'Gold': 0.1}"
36,7.05,1469,Low,"{'Equity': 0.3, 'Bonds': 0.3, 'FD': 0.2, 'Real Estate': 0.1, 'Gold': 0.1}"
32,7.14,1488,Low,"{'Equity': 0.3, 'Bonds': 0.3, 'FD': 0.2, 'Real Estate': 0.1, 'Gold': 0.1}"
55,7.24,1508,Medium,"{'Equity': 0.4, 'Bonds': 0.25, 'FD': 0.15, 'Real Estate': 0.1, 'Gold': 0.1}"
55,7.33,1527,Medium,"{'Equity': 0.4, 'Bonds': 0.25, 'FD': 0.15, 'Real Estate': 0.1, 'Gold': 0.1}"
21,7.43,1548,Low,"{'Equity': 0.3, 'Bonds': 0.3, 'FD': 0.2, 'Real Estate': 0.1, 'Gold': 0.1}"
69,7.52,1567,Low,"{'Equity': 0.3, 'Bonds': 0.3, 'FD': 0.2, 'Real Estate': 0.1, 'Gold': 0.1}"
49,7.62,1588,High,"{'Equity': 0.5, 'Bonds': 0.2, 'FD': 0.1, 'Real Estate': 0.1, 'Gold': 0.1}"
44,7.71,1606,Low,"{'Equity': 0.3, 'Bonds': 0.3, 'FD': 0.2, 'Real Estate': 0.1, 'Gold': 0.1}"
20,7.8,1625,High,"{'Equity': 0.5, 'Bonds': 0.2, 'FD': 0.1, 'Real Estate': 0.1, 'Gold': 0.1}"
34,7.9,1646,High,"{'Equity': 0.5, 'Bonds': 0.2, 'FD': 0.1, 'Real Estate': 0.1, 'Gold': 0.1}"
44,7.99,1665,High,"{'Equity': 0.5, 'Bonds': 0.2, 'FD': 0.1, 'Real Estate': 0.1, 'Gold': 0.1}"
49,8.09,1685,Medium,"{'Equity': 0.4, 'Bonds': 0.25, 'FD': 0.15, 'Real Estate': 0.1, 'Gold': 0.1}"
31,8.18,1704,Medium,"{'Equity': 0.4, 'Bonds': 0.25, 'FD': 0.15, 'Real Estate': 0.1, 'Gold': 0.1}"
21,8.27,1723,High,"{'Equity': 0.5, 'Bonds': 0.2, 'FD': 0.1, 'Real Estate': 0.1, 'Gold': 0.1}"
56,8.37,1744,High,"{'Equity': 0.5, 'Bonds': 0.2, 'FD': 0.1, 'Real Estate': 0.1, 'Gold': 0.1}"
65,8.46,1762,Low,"{'Equity': 0.3, 'Bonds': 0.3, 'FD': 0.2, 'Real Estate': 0.1, 'Gold': 0.1}"
34,8.56,1783,High,"{'Equity': 0.5, 'Bonds': 0.2, 'FD': 0.1, 'Real Estate': 0.1, 'Gold': 0.1}"
22,8.65,1802,Low,"{'Equity': 0.3, 'Bonds': 0.3, 'FD': 0.2, 'Real Estate': 0.1, 'Gold': 0.1}"
63,8.75,1823,High,"{'Equity': 0.5, 'Bonds': 0.2, 'FD': 0.1, 'Real Estate': 0.1, 'Gold': 0.1}"
55,8.84,1842,Medium,"{'Equity': 0.4, 'Bonds': 0.25, 'FD': 0.15, 'Real Estate': 0.1, 'Gold': 0.1}"
51,8.93,1860,Medium,"{'Equity': 0.4, 'Bonds': 0.25, 'FD': 0.15, 'Real Estate': 0.1, 'Gold': 0.1}"
54,9.03,1881,Low,"{'Equity': 0.3, 'Bonds': 0.3, 'FD': 0.2, 'Real Estate': 0.1, 'Gold': 0.1}"
55,9.12,1900,High,"{'Equity': 0.5, 'Bonds': 0.2, 'FD': 0.1, 'Real Estate': 0.1, 'Gold': 0.1}"
51,9.22,1921,Medium,"{'Equity': 0.4, 'Bonds': 0.25, 'FD': 0.15, 'Real Estate': 0.1, 'Gold': 0.1}"
40,9.31,1940,High,"{'Equity': 0.5, 'Bonds': 0.2, 'FD': 0.1, 'Real Estate': 0.1, 'Gold': 0.1}"
44,9.4,1958,Low,"{'Equity': 0.3, 'Bonds': 0.3, 'FD': 0.2, 'Real Estate': 0.1, 'Gold': 0.1}"
42,9.5,1979,Low,"{'Equity': 0.3, 'Bonds': 0.3, 'FD': 0.2, 'Real Estate': 0.1, 'Gold': 0.1}"
55,9.59,1998,High,"{'Equity': 0.5, 'Bonds': 0.2, 'FD': 0.1, 'Real Estate': 0.1, 'Gold': 0.1}"
32,9.69,2019,Low,"{'Equity': 0.3, 'Bonds': 0.3, 'FD': 0.2, 'Real Estate': 0.1, 'Gold': 0.1}"
40,9.78,2038,Low,"{'Equity': 0.3, 'Bonds': 0.3, 'FD': 0.2, 'Real Estate': 0.1, 'Gold': 0.1}"
54,9.88,2058,High,"{'Equity': 0.5, 'Bonds': 0.2, 'FD': 0.1, 'Real Estate': 0.1, 'Gold': 0.1}"
65,9.97,2077,Low,"{'Equity': 0.3, 'Bonds': 0.3, 'FD': 0.2, 'Real Estate': 0.1, 'Gold': 0.1}"
37,10.06,2096,Low,"{'Equity': 0.3, 'Bonds': 0.3, 'FD': 0.2, 'Real Estate': 0.1, 'Gold': 0.1}"
45,10.16,2117,Medium,"{'Equity': 0.4, 'Bonds': 0.25, 'FD': 0.15, 'Real Estate': 0.1, 'Gold': 0.1}"
20,10.25,2135,Low,"{'Equity': 0.3, 'Bonds': 0.3, 'FD': 0.2, 'Real Estate': 0.1, 'Gold': 0.1}"
55,10.35,2156,Medium,"{'Equity': 0.4, 'Bonds': 0.25, 'FD': 0.15, 'Real Estate': 0.1, 'Gold': 0.1}"
53,10.44,2175,Medium,"{'Equity': 0.4, 'Bonds': 0.25, 'FD': 0.15, 'Real Estate': 0.1, 'Gold': 0.1}"
63,10.54,2196,Low,"{'Equity': 0.3, 'Bonds': 0.3, 'FD': 0.2, 'Real Estate': 0.1, 'Gold': 0.1}"
50,10.63,2215,Low,"{'Equity': 0.3, 'Bonds': 0.3, 'FD': 0.2, 'Real Estate': 0.1, 'Gold': 0.1}"
48,10.72,2233,Low,"{'Equity': 0.3, 'Bonds': 0.3, 'FD': 0.2, 'Real Estate': 0.1, 'Gold': 0.1}"
53,10.82,2254,Low,"{'Equity': 0.3, 'Bonds': 0.3, 'FD': 0.2, 'Real Estate': 0.1, 'Gold': 0.1}"
49,10.91,2273,Low,"{'Equity': 0.3, 'Bonds': 0.3, 'FD': 0.2, 'Real Estate': 0.1, 'Gold': 0.1}"
65,11.01,2294,Medium,"{'Equity': 0.4, 'Bonds': 0.25, 'FD': 0.15, 'Real Estate': 0.1, 'Gold': 0.1}"
31,11.1,2312,Medium,"{'Equity': 0.4, 'Bonds': 0.25, 'FD': 0.15, 'Real Estate': 0.1, 'Gold': 0.1}"
39,11.19,2331,Low,"{'Equity': 0.3, 'Bonds': 0.3, 'FD': 0.2, 'Real Estate': 0.1, 'Gold': 0.1}"
50,11.29,2352,Low,"{'Equity': 0.3, 'Bonds': 0.3, 'FD': 0.2, 'Real Estate': 0.1, 'Gold': 0.1}"
44,11.38,2371,Low,"{'Equity': 0.3, 'Bonds': 0.3, 'FD': 0.2, 'Real Estate': 0.1, 'Gold': 0.1}"
39,11.48,2392,Medium,"{'Equity': 0.4, 'Bonds': 0.25, 'FD': 0.15, 'Real Estate': 0.1, 'Gold': 0.1}"
24,11.57,2410,Low,"{'Equity': 0.3, 'Bonds': 0.3, 'FD': 0.2, 'Real Estate': 0.1, 'Gold': 0.1}"
34,11.67,2431,Medium,"{'Equity': 0.4, 'Bonds': 0.25, 'FD': 0.15, 'Real Estate': 0.1, 'Gold': 0.1}"
65,11.76,2450,Low,"{'Equity': 0.3, 'Bonds': 0.3, 'FD': 0.2, 'Real Estate': 0.1, 'Gold': 0.1}"
47,11.85,2469,High,"{'Equity': 0.5, 'Bonds': 0.2, 'FD': 0.1, 'Real Estate': 0.1, 'Gold': 0.1}"
62,11.95,2490,Low,"{'Equity': 0.3, 'Bonds': 0.3, 'FD': 0.2, 'Real Estate': 0.1, 'Gold': 0.1}"
42,12.04,2508,Medium,"{'Equity': 0.4, 'Bonds': 0.25, 'FD': 0.15, 'Real Estate': 0.1, 'Gold': 0.1}"
50,12.14,2529,Medium,"{'Equity': 0.4, 'Bonds': 0.25, 'FD': 0.15, 'Real Estate': 0.1, 'Gold': 0.1}"
50,12.23,2548,Low,"{'Equity': 0.3, 'Bonds': 0.3, 'FD': 0.2, 'Real Estate': 0.1, 'Gold': 0.1}"
39,12.32,2567,Medium,"{'Equity': 0.4, 'Bonds': 0.25, 'FD': 0.15, 'Real Estate': 0.1, 'Gold': 0.1}"
62,12.42,2588,Low,"{'Equity': 0.3, 'Bonds': 0.3, 'FD': 0.2, 'Real Estate': 0.1, 'Gold': 0.1}"
25,12.51,2606,Low,"{'Equity': 0.3, 'Bonds': 0.3, 'FD': 0.2, 'Real Estate': 0.1, 'Gold': 0.1}"
58,12.61,2627,High,"{'Equity': 0.5, 'Bonds': 0.2, 'FD': 0.1, 'Real Estate': 0.1, 'Gold': 0.1}"
46,12.7,2646,Low,"{'Equity': 0.3, 'Bonds': 0.3, 'FD': 0.2, 'Real Estate': 0.1, 'Gold': 0.1}"
22,12.8,2667,Low,"{'Equity': 0.3, 'Bonds': 0.3, 'FD': 0.2, 'Real Estate': 0.1, 'Gold': 0.1}"
22,12.89,2685,High,"{'Equity': 0.5, 'Bonds': 0.2, 'FD': 0.1, 'Real Estate': 0.1, 'Gold': 0.1}"
37,12.98,2704,Medium,"{'Equity': 0.4, 'Bonds': 0.25, 'FD': 0.15, 'Real Estate': 0.1, 'Gold': 0.1}"
37,13.08,2725,Low,"{'Equity': 0.3, 'Bonds': 0.3, 'FD': 0.2, 'Real Estate': 0.1, 'Gold': 0.1}"
55,13.17,2744,High,"{'Equity': 0.5, 'Bonds': 0.2, 'FD': 0.1, 'Real Estate': 0.1, 'Gold': 0.1}"
38,13.27,2765,High,"{'Equity': 0.5, 'Bonds': 0.2, 'FD': 0.1, 'Real Estate': 0.1, 'Gold': 0.1}"
51,13.36,2783,Low,"{'Equity': 0.3, 'Bonds': 0.3, 'FD': 0.2, 'Real Estate': 0.1, 'Gold': 0.1}"
59,13.45,2802,High,"{'Equity': 0.5, 'Bonds': 0.2, 'FD': 0.1, 'Real Estate': 0.1, 'Gold': 0.1}"
53,13.55,2823,Medium,"{'Equity': 0.4, 'Bonds': 0.25, 'FD': 0.15, 'Real Estate': 0.1, 'Gold': 0.1}"
42,13.64,2842,Medium,"{'Equity': 0.4, 'Bonds': 0.25, 'FD': 0.15, 'Real Estate': 0.1, 'Gold': 0.1}"
48,13.74,2862,Medium,"{'Equity': 0.4, 'Bonds': 0.25, 'FD': 0.15, 'Real Estate': 0.1, 'Gold': 0.1}"
45,13.83,2881,High,"{'Equity': 0.5, 'Bonds': 0.2, 'FD': 0.1, 'Real Estate': 0.1, 'Gold': 0.1}"
36,13.93,2902,Medium,"{'Equity': 0.4, 'Bonds': 0.25, 'FD': 0.15, 'Real Estate': 0.1, 'Gold': 0.1}"
31,14.02,2921,Medium,"{'Equity': 0.4, 'Bonds': 0.25, 'FD': 0.15, 'Real Estate': 0.1, 'Gold': 0.1}"
66,14.11,2940,Low,"{'Equity': 0.3, 'Bonds': 0.3, 'FD': 0.2, 'Real Estate': 0.1, 'Gold': 0.1}"
65,14.21,2960,High,"{'Equity': 0.5, 'Bonds': 0.2, 'FD': 0.1, 'Real Estate': 0.1, 'Gold': 0.1}"
62,14.3,2979,Low,"{'Equity': 0.3, 'Bonds': 0.3, 'FD': 0.2, 'Real Estate': 0.1, 'Gold': 0.1}"
27,14.4,3000,Low,"{'Equity': 0.3, 'Bonds': 0.3, 'FD': 0.2, 'Real Estate': 0.1, 'Gold': 0.1}"
50,14.49,3019,Medium,"{'Equity': 0.4, 'Bonds': 0.25, 'FD': 0.15, 'Real Estate': 0.1, 'Gold': 0.1}"
22,14.59,3040,High,"{'Equity': 0.5, 'Bonds': 0.2, 'FD': 0.1, 'Real Estate': 0.1, 'Gold': 0.1}"
67,14.68,3058,Medium,"{'Equity': 0.4, 'Bonds': 0.25, 'FD': 0.15, 'Real Estate': 0.1, 'Gold': 0.1}"
25,14.77,3077,Low,"{'Equity': 0.3, 'Bonds': 0.3, 'FD': 0.2, 'Real Estate': 0.1, 'Gold': 0.1}"
42,14.87,3098,Low,"{'Equity': 0.3, 'Bonds': 0.3, 'FD': 0.2, 'Real Estate': 0.1, 'Gold': 0.1}"
30,14.96,3117,High,"{'Equity': 0.5, 'Bonds': 0.2, 'FD': 0.1, 'Real Estate': 0.1, 'Gold': 0.1}"
37,15.06,3138,Medium,"{'Equity': 0.4, 'Bonds': 0.25, 'FD': 0.15, 'Real Estate': 0.1, 'Gold': 0.1}"
32,15.15,3156,Medium,"{'Equity': 0.4, 'Bonds': 0.25, 'FD': 0.15, 'Real Estate': 0.1, 'Gold': 0.1}"
47,15.24,3175,Medium,"{'Equity': 0.4, 'Bonds': 0.25, 'FD': 0.15, 'Real Estate': 0.1, 'Gold': 0.1}"
45,15.34,3196,Medium,"{'Equity': 0.4, 'Bonds': 0.25, 'FD': 0.15, 'Real Estate': 0.1, 'Gold': 0.1}"
34,15.43,3215,Medium,"{'Equity': 0.4, 'Bonds': 0.25, 'FD': 0.15, 'Real Estate': 0.1, 'Gold': 0.1}"
63,15.53,3235,High,"{'Equity': 0.5, 'Bonds': 0.2, 'FD': 0.1, 'Real Estate': 0.1, 'Gold': 0.1}"
27,15.62,3254,Low,"{'Equity': 0.3, 'Bonds': 0.3, 'FD': 0.2, 'Real Estate': 0.1, 'Gold': 0.1}"
28,15.72,3275,Low,"{'Equity': 0.3, 'Bonds': 0.3, 'FD': 0.2, 'Real Estate': 0.1, 'Gold': 0.1}"
62,15.81,3294,Medium,"{'Equity': 0.4, 'Bonds': 0.25, 'FD': 0.15, 'Real Estate': 0.1, 'Gold': 0.1}"
59,15.9,3312,Medium,"{'Equity': 0.4, 'Bonds': 0.25, 'FD': 0.15, 'Real Estate': 0.1, 'Gold': 0.1}"
37,16.0,3333,Medium,"{'Equity': 0.4, 'Bonds': 0.25, 'FD': 0.15, 'Real Estate': 0.1, 'Gold': 0.1}"
21,16.09,3352,Low,"{'Equity': 0.3, 'Bonds': 0.3, 'FD': 0.2, 'Real Estate': 0.1, 'Gold': 0.1}"
55,16.19,3373,Low,"{'Equity': 0.3, 'Bonds': 0.3, 'FD': 0.2, 'Real Estate': 0.1, 'Gold': 0.1}"
22,16.28,3392,High,"{'Equity': 0.5, 'Bonds': 0.2, 'FD': 0.1, 'Real Estate': 0.1, 'Gold': 0.1}"
45,16.37,3410,Low,"{'Equity': 0.3, 'Bonds': 0.3, 'FD': 0.2, 'Real Estate': 0.1, 'Gold': 0.1}"
56,16.47,3431,High,"{'Equity': 0.5, 'Bonds': 0.2, 'FD': 0.1, 'Real Estate': 0.1, 'Gold': 0.1}"
34,16.56,3450,Medium,"{'Equity': 0.4, 'Bonds': 0.25, 'FD': 0.15, 'Real Estate': 0.1, 'Gold': 0.1}"
56,16.66,3471,Low,"{'Equity': 0.3, 'Bonds': 0.3, 'FD': 0.2, 'Real Estate': 0.1, 'Gold': 0.1}"
49,16.75,3490,Medium,"{'Equity': 0.4, 'Bonds': 0.25, 'FD': 0.15, 'Real Estate': 0.1, 'Gold': 0.1}"
68,16.85,3510,Medium,"{'Equity': 0.4, 'Bonds': 0.25, 'FD': 0.15, 'Real Estate': 0.1, 'Gold': 0.1}"
47,16.94,3529,Medium,"{'Equity': 0.4, 'Bonds': 0.25, 'FD': 0.15, 'Real Estate': 0.1, 'Gold': 0.1}"
68,17.03,3548,Low,"{'Equity': 0.3, 'Bonds': 0.3, 'FD': 0.2, 'Real Estate': 0.1, 'Gold': 0.1}"
27,17.13,3569,Medium,"{'Equity': 0.4, 'Bonds': 0.25, 'FD': 0.15, 'Real Estate': 0.1, 'Gold': 0.1}"
27,17.22,3588,Low,"{'Equity': 0.3, 'Bonds': 0.3, 'FD': 0.2, 'Real Estate': 0.1, 'Gold': 0.1}"
30,17.32,3608,Medium,"{'Equity': 0.4, 'Bonds': 0.25, 'FD': 0.15, 'Real Estate': 0.1, 'Gold': 0.1}"
37,17.41,3627,High,"{'Equity': 0.5, 'Bonds': 0.2, 'FD': 0.1, 'Real Estate': 0.1, 'Gold': 0.1}"
27,17.51,3648,Medium,"{'Equity': 0.4, 'Bonds': 0.25, 'FD': 0.15, 'Real Estate': 0.1, 'Gold': 0.1}"
57,17.6,3667,Medium,"{'Equity': 0.4, 'Bonds': 0.25, 'FD': 0.15, 'Real Estate': 0.1, 'Gold': 0.1}"
53,17.69,3685,Low,"{'Equity': 0.3, 'Bonds': 0.3, 'FD': 0.2, 'Real Estate': 0.1, 'Gold': 0.1}"
64,17.79,3706,Low,"{'Equity': 0.3, 'Bonds': 0.3, 'FD': 0.2, 'Real Estate': 0.1, 'Gold': 0.1}"
23,17.88,3725,Low,"{'Equity': 0.3, 'Bonds': 0.3, 'FD': 0.2, 'Real Estate': 0.1, 'Gold': 0.1}"
63,17.98,3746,Medium,"{'Equity': 0.4, 'Bonds': 0.25, 'FD': 0.15, 'Real Estate': 0.1, 'Gold': 0.1}"
47,18.07,3765,Medium,"{'Equity': 0.4, 'Bonds': 0.25, 'FD': 0.15, 'Real Estate': 0.1, 'Gold': 0.1}"
34,18.16,3783,Medium,"{'Equity': 0.4, 'Bonds': 0.25, 'FD': 0.15, 'Real Estate': 0.1, 'Gold': 0.1}"
24,18.26,3804,High,"{'Equity': 0.5, 'Bonds': 0.2, 'FD': 0.1, 'Real Estate': 0.1, 'Gold': 0.1}"
27,18.35,3823,Low,"{'Equity': 0.3, 'Bonds': 0.3, 'FD': 0.2, 'Real Estate': 0.1, 'Gold': 0.1}"
26,18.45,3844,Medium,"{'Equity': 0.4, 'Bonds': 0.25, 'FD': 0.15, 'Real Estate': 0.1, 'Gold': 0.1}"
30,18.54,3862,Low,"{'Equity': 0.3, 'Bonds': 0.3, 'FD': 0.2, 'Real Estate': 0.1, 'Gold': 0.1}"
52,18.64,3883,High,"{'Equity': 0.5, 'Bonds': 0.2, 'FD': 0.1, 'Real Estate': 0.1, 'Gold': 0.1}"
51,18.73,3902,Medium,"{'Equity': 0.4, 'Bonds': 0.25, 'FD': 0.15, 'Real Estate': 0.1, 'Gold': 0.1}"
27,18.82,3921,Low,"{'Equity': 0.3, 'Bonds': 0.3, 'FD': 0.2, 'Real Estate': 0.1, 'Gold': 0.1}"
58,18.92,3942,Low,"{'Equity': 0.3, 'Bonds': 0.3, 'FD': 0.2, 'Real Estate': 0.1, 'Gold': 0.1}"
55,19.01,3960,High,"{'Equity': 0.5, 'Bonds': 0.2, 'FD': 0.1, 'Real Estate': 0.1, 'Gold': 0.1}"
22,19.11,3981,Medium,"{'Equity': 0.4, 'Bonds': 0.25, 'FD': 0.15, 'Real Estate': 0.1, 'Gold': 0.1}"
32,19.2,4000,Low,"{'Equity': 0.3, 'Bonds': 0.3, 'FD': 0.2, 'Real Estate': 0.1, 'Gold': 0.1}"
49,19.29,4019,High,"{'Equity': 0.5, 'Bonds': 0.2, 'FD': 0.1, 'Real Estate': 0.1, 'Gold': 0.1}"
50,19.39,4040,Low,"{'Equity': 0.3, 'Bonds': 0.3, 'FD': 0.2, 'Real Estate': 0.1, 'Gold': 0.1}"
29,19.48,4058,Low,"{'Equity': 0.3, 'Bonds': 0.3, 'FD': 0.2, 'Real Estate': 0.1, 'Gold': 0.1}"
63,19.58,4079,High,"{'Equity': 0.5, 'Bonds': 0.2, 'FD': 0.1, 'Real Estate': 0.1, 'Gold': 0.1}"
22,19.67,4098,High,"{'Equity': 0.5, 'Bonds': 0.2, 'FD': 0.1, 'Real Estate': 0.1, 'Gold': 0.1}"
43,19.77,4119,High,"{'Equity': 0.5, 'Bonds': 0.2, 'FD': 0.1, 'Real Estate': 0.1, 'Gold': 0.1}"
53,19.86,4138,Medium,"{'Equity': 0.4, 'Bonds': 0.25, 'FD': 0.15, 'Real Estate': 0.1, 'Gold': 0.1}"
40,19.95,4156,Low,"{'Equity': 0.3, 'Bonds': 0.3, 'FD': 0.2, 'Real Estate': 0.1, 'Gold': 0.1}"
66,20.05,4177,High,"{'Equity': 0.5, 'Bonds': 0.2, 'FD': 0.1, 'Real Estate': 0.1, 'Gold': 0.1}"
61,20.14,4196,Low,"{'Equity': 0.3, 'Bonds': 0.3, 'FD': 0.2, 'Real Estate': 0.1, 'Gold': 0.1}"
59,20.24,4217,High,"{'Equity': 0.5, 'Bonds': 0.2, 'FD': 0.1, 'Real Estate': 0.1, 'Gold': 0.1}"
58,20.33,4235,Low,"{'Equity': 0.3, 'Bonds': 0.3, 'FD': 0.2, 'Real Estate': 0.1, 'Gold': 0.1}"
38,20.42,4254,High,"{'Equity': 0.5, 'Bonds': 0.2, 'FD': 0.1, 'Real Estate': 0.1, 'Gold': 0.1}"
25,20.52,4275,Medium,"{'Equity': 0.4, 'Bonds': 0.25, 'FD': 0.15, 'Real Estate': 0.1, 'Gold': 0.1}"
61,20.61,4294,High,"{'Equity': 0.5, 'Bonds': 0.2, 'FD': 0.1, 'Real Estate': 0.1, 'Gold': 0.1}"
45,20.71,4315,Low,"{'Equity': 0.3, 'Bonds': 0.3, 'FD': 0.2, 'Real Estate': 0.1, 'Gold': 0.1}"
22,20.8,4333,High,"{'Equity': 0.5, 'Bonds': 0.2, 'FD': 0.1, 'Real Estate': 0.1, 'Gold': 0.1}"
51,20.9,4354,Low,"{'Equity': 0.3, 'Bonds': 0.3, 'FD': 0.2, 'Real Estate': 0.1, 'Gold': 0.1}"
70,20.99,4373,High,"{'Equity': 0.5, 'Bonds': 0.2, 'FD': 0.1, 'Real Estate': 0.1, 'Gold': 0.1}"
20,21.08,4392,Low,"{'Equity': 0.3, 'Bonds': 0.3, 'FD': 0.2, 'Real Estate': 0.1, 'Gold': 0.1}"
20,21.18,4412,Medium,"{'Equity': 0.4, 'Bonds': 0.25, 'FD': 0.15, 'Real Estate': 0.1, 'Gold': 0.1}"
62,21.27,4431,High,"{'Equity': 0.5, 'Bonds': 0.2, 'FD': 0.1, 'Real Estate': 0.1, 'Gold': 0.1}"
69,21.37,4452,Low,"{'Equity': 0.3, 'Bonds': 0.3, 'FD': 0.2, 'Real Estate': 0.1, 'Gold': 0.1}"
38,21.46,4471,Low,"{'Equity': 0.3, 'Bonds': 0.3, 'FD': 0.2, 'Real Estate': 0.1, 'Gold': 0.1}"
20,21.56,4492,Medium,"{'Equity': 0.4, 'Bonds': 0.25, 'FD': 0.15, 'Real Estate': 0.1, 'Gold': 0.1}"
51,21.65,4510,High,"{'Equity': 0.5, 'Bonds': 0.2, 'FD': 0.1, 'Real Estate': 0.1, 'Gold': 0.1}"
68,21.74,4529,Medium,"{'Equity': 0.4, 'Bonds': 0.25, 'FD': 0.15, 'Real Estate': 0.1, 'Gold': 0.1}"
45,21.84,4550,Medium,"{'Equity': 0.4, 'Bonds': 0.25, 'FD': 0.15, 'Real Estate': 0.1, 'Gold': 0.1}"
65,21.93,4569,High,"{'Equity': 0.5, 'Bonds': 0.2, 'FD': 0.1, 'Real Estate': 0.1, 'Gold': 0.1}"
58,22.03,4590,Low,"{'Equity': 0.3, 'Bonds': 0.3, 'FD': 0.2, 'Real Estate': 0.1, 'Gold': 0.1}"
47,22.12,4608,High,"{'Equity': 0.5, 'Bonds': 0.2, 'FD': 0.1, 'Real Estate': 0.1, 'Gold': 0.1}"
27,22.21,4627,High,"{'Equity': 0.5, 'Bonds': 0.2, 'FD': 0.1, 'Real Estate': 0.1, 'Gold': 0.1}"
23,22.31,4648,Medium,"{'Equity': 0.4, 'Bonds': 0.25, 'FD': 0.15, 'Real Estate': 0.1, 'Gold': 0.1}"
58,22.4,4667,Low,"{'Equity': 0.3, 'Bonds': 0.3, 'FD': 0.2, 'Real Estate': 0.1, 'Gold': 0.1}"
64,22.5,4688,Low,"{'Equity': 0.3, 'Bonds': 0.3, 'FD': 0.2, 'Real Estate': 0.1, 'Gold': 0.1}"
35,22.59,4706,High,"{'Equity': 0.5, 'Bonds': 0.2, 'FD': 0.1, 'Real Estate': 0.1, 'Gold': 0.1}"
61,22.69,4727,High,"{'Equity': 0.5, 'Bonds': 0.2, 'FD': 0.1, 'Real Estate': 0.1, 'Gold': 0.1}"
59,22.78,4746,Medium,"{'Equity': 0.4, 'Bonds': 0.25, 'FD': 0.15, 'Real Estate': 0.1, 'Gold': 0.1}"
59,22.87,4765,Medium,"{'Equity': 0.4, 'Bonds': 0.25, 'FD': 0.15, 'Real Estate': 0.1, 'Gold': 0.1}"
53,22.97,4785,Low,"{'Equity': 0.3, 'Bonds': 0.3, 'FD': 0.2, 'Real Estate': 0.1, 'Gold': 0.1}"
52,23.06,4804,Low,"{'Equity': 0.3, 'Bonds': 0.3, 'FD': 0.2, 'Real Estate': 0.1, 'Gold': 0.1}"
67,23.16,4825,High,"{'Equity': 0.5, 'Bonds': 0.2, 'FD': 0.1, 'Real Estate': 0.1, 'Gold': 0.1}"
54,23.25,4844,Medium,"{'Equity': 0.4, 'Bonds': 0.25, 'FD': 0.15, 'Real Estate': 0.1, 'Gold': 0.1}"
41,23.34,4862,Low,"{'Equity': 0.3, 'Bonds': 0.3, 'FD': 0.2, 'Real Estate': 0.1, 'Gold': 0.1}"
48,23.44,4883,Medium,"{'Equity': 0.4, 'Bonds': 0.25, 'FD': 0.15, 'Real Estate': 0.1, 'Gold': 0.1}"
47,23.53,4902,Low,"{'Equity': 0.3, 'Bonds': 0.3, 'FD': 0.2, 'Real Estate': 0.1, 'Gold': 0.1}"
33,23.63,4923,High,"{'Equity': 0.5, 'Bonds': 0.2, 'FD': 0.1, 'Real Estate': 0.1, 'Gold': 0.1}"
26,23.72,4942,High,"{'Equity': 0.5, 'Bonds': 0.2, 'FD': 0.1, 'Real Estate': 0.1, 'Gold': 0.1}"
69,23.82,4962,High,"{'Equity': 0.5, 'Bonds': 0.2, 'FD': 0.1, 'Real Estate': 0.1, 'Gold': 0.1}"
21,23.91,4981,Low,"{'Equity': 0.3, 'Bonds': 0.3, 'FD': 0.2, 'Real Estate': 0.1, 'Gold': 0.1}"
25,24.0,5000,Low,"{'Equity': 0.3, 'Bonds': 0.3, 'FD': 0.2, 'Real Estate': 0.1, 'Gold': 0.1}"
28,24.1,5021,Low,"{'Equity': 0.3, 'Bonds': 0.3, 'FD': 0.2, 'Real Estate': 0.1, 'Gold': 0.1}"
58,24.19,5040,Low,"{'Equity': 0.3, 'Bonds': 0.3, 'FD': 0.2, 'Real Estate': 0.1, 'Gold': 0.1}"
53,24.29,5060,Low,"{'Equity': 0.3, 'Bonds': 0.3, 'FD': 0.2, 'Real Estate': 0.1, 'Gold': 0.1}"
24,24.38,5079,Medium,"{'Equity': 0.4, 'Bonds': 0.25, 'FD': 0.15, 'Real Estate': 0.1, 'Gold': 0.1}"
56,24.47,5098,Low,"{'Equity': 0.3, 'Bonds': 0.3, 'FD': 0.2, 'Real Estate': 0.1, 'Gold': 0.1}"
30,24.57,5119,Medium,"{'Equity': 0.4, 'Bonds': 0.25, 'FD': 0.15, 'Real Estate': 0.1, 'Gold': 0.1}"
26,24.66,5138,Medium,"{'Equity': 0.4, 'Bonds': 0.25, 'FD': 0.15, 'Real Estate': 0.1, 'Gold': 0.1}"
70,24.76,5158,Medium,"{'Equity': 0.4, 'Bonds': 0.25, 'FD': 0.15, 'Real Estate': 0.1, 'Gold': 0.1}"
66,24.85,5177,Low,"{'Equity': 0.3, 'Bonds': 0.3, 'FD': 0.2, 'Real Estate': 0.1, 'Gold': 0.1}"
65,24.95,5198,Low,"{'Equity': 0.3, 'Bonds': 0.3, 'FD': 0.2, 'Real Estate': 0.1, 'Gold': 0.1}"
32,25.04,5217,High,"{'Equity': 0.5, 'Bonds': 0.2, 'FD': 0.1, 'Real Estate': 0.1, 'Gold': 0.1}"
38,25.13,5235,High,"{'Equity': 0.5, 'Bonds': 0.2, 'FD': 0.1, 'Real Estate': 0.1, 'Gold': 0.1}"
31,25.23,5256,Low,"{'Equity': 0.3, 'Bonds': 0.3, 'FD': 0.2, 'Real Estate': 0.1, 'Gold': 0.1}"
32,25.32,5275,Medium,"{'Equity': 0.4, 'Bonds': 0.25, 'FD': 0.15, 'Real Estate': 0.1, 'Gold': 0.1}"
67,25.42,5296,High,"{'Equity': 0.5, 'Bonds': 0.2, 'FD': 0.1, 'Real Estate': 0.1, 'Gold': 0.1}"
60,25.51,5315,Medium,"{'Equity': 0.4, 'Bonds': 0.25, 'FD': 0.15, 'Real Estate': 0.1, 'Gold': 0.1}"
38,25.61,5335,Medium,"{'Equity': 0.4, 'Bonds': 0.25, 'FD': 0.15, 'Real Estate': 0.1, 'Gold': 0.1}"
35,25.7,5354,Medium,"{'Equity': 0.4, 'Bonds': 0.25, 'FD': 0.15, 'Real Estate': 0.1, 'Gold': 0.1}"
32,25.79,5373,Low,"{'Equity': 0.3, 'Bonds': 0.3, 'FD': 0.2, 'Real Estate': 0.1, 'Gold': 0.1}"
31,25.89,5394,High,"{'Equity': 0.5, 'Bonds': 0.2, 'FD': 0.1, 'Real Estate': 0.1, 'Gold': 0.1}"
67,25.98,5412,Medium,"{'Equity': 0.4, 'Bonds': 0.25, 'FD': 0.15, 'Real Estate': 0.1, 'Gold': 0.1}"
27,26.08,5433,Medium,"{'Equity': 0.4, 'Bonds': 0.25, 'FD': 0.15, 'Real Estate': 0.1, 'Gold': 0.1}"
30,26.17,5452,Low,"{'Equity': 0.3, 'Bonds': 0.3, 'FD': 0.2, 'Real Estate': 0.1, 'Gold': 0.1}"
69,26.26,5471,Low,"{'Equity': 0.3, 'Bonds': 0.3, 'FD': 0.2, 'Real Estate': 0.1, 'Gold': 0.1}"
33,26.36,5492,Medium,"{'Equity': 0.4, 'Bonds': 0.25, 'FD': 0.15, 'Real Estate': 0.1, 'Gold': 0.1}"
23,26.45,5510,High,"{'Equity': 0.5, 'Bonds': 0.2, 'FD': 0.1, 'Real Estate': 0.1, 'Gold': 0.1}"
56,26.55,5531,Low,"{'Equity': 0.3, 'Bonds': 0.3, 'FD': 0.2, 'Real Estate': 0.1, 'Gold': 0.1}"
53,26.64,5550,Low,"{'Equity': 0.3, 'Bonds': 0.3, 'FD': 0.2, 'Real Estate': 0.1, 'Gold': 0.1}"
43,26.74,5571,Low,"{'Equity': 0.3, 'Bonds': 0.3, 'FD': 0.2, 'Real Estate': 0.1, 'Gold': 0.1}"
35,26.83,5590,Medium,"{'Equity': 0.4, 'Bonds': 0.25, 'FD': 0.15, 'Real Estate': 0.1, 'Gold': 0.1}"
61,26.92,5608,High,"{'Equity': 0.5, 'Bonds': 0.2, 'FD': 0.1, 'Real Estate': 0.1, 'Gold': 0.1}"
23,27.02,5629,Medium,"{'Equity': 0.4, 'Bonds': 0.25, 'FD': 0.15, 'Real Estate': 0.1, 'Gold': 0.1}"
58,27.11,5648,Medium,"{'Equity': 0.4, 'Bonds': 0.25, 'FD': 0.15, 'Real Estate': 0.1, 'Gold': 0.1}"
30,27.21,5669,High,"{'Equity': 0.5, 'Bonds': 0.2, 'FD': 0.1, 'Real Estate': 0.1, 'Gold': 0.1}"
64,27.3,5688,Medium,"{'Equity': 0.4, 'Bonds': 0.25, 'FD': 0.15, 'Real Estate': 0.1, 'Gold': 0.1}"
37,27.39,5706,Medium,"{'Equity': 0.4, 'Bonds': 0.25, 'FD': 0.15, 'Real Estate': 0.1, 'Gold': 0.1}"
55,27.49,5727,Low,"{'Equity': 0.3, 'Bonds': 0.3, 'FD': 0.2, 'Real Estate': 0.1, 'Gold': 0.1}"
62,27.58,5746,Medium,"{'Equity': 0.4, 'Bonds': 0.25, 'FD': 0.15, 'Real Estate': 0.1, 'Gold': 0.1}"
57,27.68,5767,Low,"{'Equity': 0.3, 'Bonds': 0.3, 'FD': 0.2, 'Real Estate': 0.1, 'Gold': 0.1}"
60,27.77,5785,Low,"{'Equity': 0.3, 'Bonds': 0.3, 'FD': 0.2, 'Real Estate': 0.1, 'Gold': 0.1}"
34,27.87,5806,High,"{'Equity': 0.5, 'Bonds': 0.2, 'FD': 0.1, 'Real Estate': 0.1, 'Gold': 0.1}"
51,27.96,5825,Medium,"{'Equity': 0.4, 'Bonds': 0.25, 'FD': 0.15, 'Real Estate': 0.1, 'Gold': 0.1}"
26,28.05,5844,High,"{'Equity': 0.5, 'Bonds': 0.2, 'FD': 0.1, 'Real Estate': 0.1, 'Gold': 0.1}"
56,28.15,5865,Medium,"{'Equity': 0.4, 'Bonds': 0.25, 'FD': 0.15, 'Real Estate': 0.1, 'Gold': 0.1}"
57,28.24,5883,High,"{'Equity': 0.5, 'Bonds': 0.2, 'FD': 0.1, 'Real Estate': 0.1, 'Gold': 0.1}"
69,28.34,5904,High,"{'Equity': 0.5, 'Bonds': 0.2, 'FD': 0.1, 'Real Estate': 0.1, 'Gold': 0.1}"
28,28.43,5923,Low,"{'Equity': 0.3, 'Bonds': 0.3, 'FD': 0.2, 'Real Estate': 0.1, 'Gold': 0.1}"
56,28.53,5944,Medium,"{'Equity': 0.4, 'Bonds': 0.25, 'FD': 0.15, 'Real Estate': 0.1, 'Gold': 0.1}"
22,28.62,5962,Low,"{'Equity': 0.3, 'Bonds': 0.3, 'FD': 0.2, 'Real Estate': 0.1, 'Gold': 0.1}"
31,28.71,5981,Low,"{'Equity': 0.3, 'Bonds': 0.3, 'FD': 0.2, 'Real Estate': 0.1, 'Gold': 0.1}"
68,28.81,6002,Low,"{'Equity': 0.3, 'Bonds': 0.3, 'FD': 0.2, 'Real Estate': 0.1, 'Gold': 0.1}"
20,28.9,6021,Medium,"{'Equity': 0.4, 'Bonds': 0.25, 'FD': 0.15, 'Real Estate': 0.1, 'Gold': 0.1}"
52,29.0,6042,Low,"{'Equity': 0.3, 'Bonds': 0.3, 'FD': 0.2, 'Real Estate': 0.1, 'Gold': 0.1}"
67,29.09,6060,High,"{'Equity': 0.5, 'Bonds': 0.2, 'FD': 0.1, 'Real Estate': 0.1, 'Gold': 0.1}"
36,29.18,6079,High,"{'Equity': 0.5, 'Bonds': 0.2, 'FD': 0.1, 'Real Estate': 0.1, 'Gold': 0.1}"
65,29.28,6100,High,"{'Equity': 0.5, 'Bonds': 0.2, 'FD': 0.1, 'Real Estate': 0.1, 'Gold': 0.1}"
34,29.37,6119,Medium,"{'Equity': 0.4, 'Bonds': 0.25, 'FD': 0.15, 'Real Estate': 0.1, 'Gold': 0.1}"
60,29.47,6140,Low,"{'Equity': 0.3, 'Bonds': 0.3, 'FD': 0.2, 'Real Estate': 0.1, 'Gold': 0.1}"
33,29.56,6158,Low,"{'Equity': 0.3, 'Bonds': 0.3, 'FD': 0.2, 'Real Estate': 0.1, 'Gold': 0.1}"
37,29.66,6179,High,"{'Equity': 0.5, 'Bonds': 0.2, 'FD': 0.1, 'Real Estate': 0.1, 'Gold': 0.1}"
29,29.75,6198,Medium,"{'Equity': 0.4, 'Bonds': 0.25, 'FD': 0.15, 'Real Estate': 0.1, 'Gold': 0.1}"
35,29.84,6217,High,"{'Equity': 0.5, 'Bonds': 0.2, 'FD': 0.1, 'Real Estate': 0.1, 'Gold': 0.1}"
43,29.94,6238,High,"{'Equity': 0.5, 'Bonds': 0.2, 'FD': 0.1, 'Real Estate': 0.1, 'Gold': 0.1}"
52,30.03,6256,Low,"{'Equity': 0.3, 'Bonds': 0.3, 'FD': 0.2, 'Real Estate': 0.1, 'Gold': 0.1}"
22,30.13,6277,High,"{'Equity': 0.5, 'Bonds': 0.2, 'FD': 0.1, 'Real Estate': 0.1, 'Gold': 0.1}"
41,30.22,6296,Low,"{'Equity': 0.3, 'Bonds': 0.3, 'FD': 0.2, 'Real Estate': 0.1, 'Gold': 0.1}"
47,30.31,6315,High,"{'Equity': 0.5, 'Bonds': 0.2, 'FD': 0.1, 'Real Estate': 0.1, 'Gold': 0.1}"
45,30.41,6335,High,"{'Equity': 0.5, 'Bonds': 0.2, 'FD': 0.1, 'Real Estate': 0.1, 'Gold': 0.1}"
55,30.5,6354,High,"{'Equity': 0.5, 'Bonds': 0.2, 'FD': 0.1, 'Real Estate': 0.1, 'Gold': 0.1}"
35,30.6,6375,Medium,"{'Equity': 0.4, 'Bonds': 0.25, 'FD': 0.15, 'Real Estate': 0.1, 'Gold': 0.1}"
46,30.69,6394,Medium,"{'Equity': 0.4, 'Bonds': 0.25, 'FD': 0.15, 'Real Estate': 0.1, 'Gold': 0.1}"
36,30.79,6415,High,"{'Equity': 0.5, 'Bonds': 0.2, 'FD': 0.1, 'Real Estate': 0.1, 'Gold': 0.1}"
61,30.88,6433,Low,"{'Equity': 0.3, 'Bonds': 0.3, 'FD': 0.2, 'Real Estate': 0.1, 'Gold': 0.1}"
40,30.97,6452,Low,"{'Equity': 0.3, 'Bonds': 0.3, 'FD': 0.2, 'Real Estate': 0.1, 'Gold': 0.1}"
20,31.07,6473,Medium,"{'Equity': 0.4, 'Bonds': 0.25, 'FD': 0.15, 'Real Estate': 0.1, 'Gold': 0.1}"
70,31.16,6492,Medium,"{'Equity': 0.4, 'Bonds': 0.25, 'FD': 0.15, 'Real Estate': 0.1, 'Gold': 0.1}"
61,31.26,6512,Medium,"{'Equity': 0.4, 'Bonds': 0.25, 'FD': 0.15, 'Real Estate': 0.1, 'Gold': 0.1}"
54,31.35,6531,Medium,"{'Equity': 0.4, 'Bonds': 0.25, 'FD': 0.15, 'Real Estate': 0.1, 'Gold': 0.1}"
44,31.44,6550,Low,"{'Equity': 0.3, 'Bonds': 0.3, 'FD': 0.2, 'Real Estate': 0.1, 'Gold': 0.1}"
21,31.54,6571,Low,"{'Equity': 0.3, 'Bonds': 0.3, 'FD': 0.2, 'Real Estate': 0.1, 'Gold': 0.1}"
24,31.63,6590,Medium,"{'Equity': 0.4, 'Bonds': 0.25, 'FD': 0.15, 'Real Estate': 0.1, 'Gold': 0.1}"
66,31.73,6610,High,"{'Equity': 0.5, 'Bonds': 0.2, 'FD': 0.1, 'Real Estate': 0.1, 'Gold': 0.1}"
42,31.82,6629,High,"{'Equity': 0.5, 'Bonds': 0.2, 'FD': 0.1, 'Real Estate': 0.1, 'Gold': 0.1}"
28,31.92,6650,Medium,"{'Equity': 0.4, 'Bonds': 0.25, 'FD': 0.15, 'Real Estate': 0.1, 'Gold': 0.1}"
55,32.01,6669,Low,"{'Equity': 0.3, 'Bonds': 0.3, 'FD': 0.2, 'Real Estate': 0.1, 'Gold': 0.1}"
23,32.1,6688,High,"{'Equity': 0.5, 'Bonds': 0.2, 'FD': 0.1, 'Real Estate': 0.1, 'Gold': 0.1}"
66,32.2,6708,High,"{'Equity': 0.5, 'Bonds': 0.2, 'FD': 0.1, 'Real Estate': 0.1, 'Gold': 0.1}"
59,32.29,6727,High,"{'Equity': 0.5, 'Bonds': 0.2, 'FD': 0.1, 'Real Estate': 0.1, 'Gold': 0.1}"
62,32.39,6748,Medium,"{'Equity': 0.4, 'Bonds': 0.25, 'FD': 0.15, 'Real Estate': 0.1, 'Gold': 0.1}"
35,32.48,6767,Low,"{'Equity': 0.3, 'Bonds': 0.3, 'FD': 0.2, 'Real Estate': 0.1, 'Gold': 0.1}"
49,32.58,6788,Low,"{'Equity': 0.3, 'Bonds': 0.3, 'FD': 0.2, 'Real Estate': 0.1, 'Gold': 0.1}"
65,32.67,6806,High,"{'Equity': 0.5, 'Bonds': 0.2, 'FD': 0.1, 'Real Estate': 0.1, 'Gold': 0.1}"
26,32.76,6825,Low,"{'Equity': 0.3, 'Bonds': 0.3, 'FD': 0.2, 'Real Estate': 0.1, 'Gold': 0.1}"
31,32.86,6846,Medium,"{'Equity': 0.4, 'Bonds': 0.25, 'FD': 0.15, 'Real Estate': 0.1, 'Gold': 0.1}"
41,32.95,6865,Medium,"{'Equity': 0.4, 'Bonds': 0.25, 'FD': 0.15, 'Real Estate': 0.1, 'Gold': 0.1}"
42,33.05,6885,Medium,"{'Equity': 0.4, 'Bonds': 0.25, 'FD': 0.15, 'Real Estate': 0.1, 'Gold': 0.1}"
24,33.14,6904,High,"{'Equity': 0.5, 'Bonds': 0.2, 'FD': 0.1, 'Real Estate': 0.1, 'Gold': 0.1}"
37,33.23,6923,High,"{'Equity': 0.5, 'Bonds': 0.2, 'FD': 0.1, 'Real Estate': 0.1, 'Gold': 0.1}"
22,33.33,6944,Medium,"{'Equity': 0.4, 'Bonds': 0.25, 'FD': 0.15, 'Real Estate': 0.1, 'Gold': 0.1}"
56,33.42,6962,High,"{'Equity': 0.5, 'Bonds': 0.2, 'FD': 0.1, 'Real Estate': 0.1, 'Gold': 0.1}"
69,33.52,6983,High,"{'Equity': 0.5, 'Bonds': 0.2, 'FD': 0.1, 'Real Estate': 0.1, 'Gold': 0.1}"
40,33.61,7002,High,"{'Equity': 0.5, 'Bonds': 0.2, 'FD': 0.1, 'Real Estate': 0.1, 'Gold': 0.1}"
29,33.71,7023,Medium,"{'Equity': 0.4, 'Bonds': 0.25, 'FD': 0.15, 'Real Estate': 0.1, 'Gold': 0.1}"
21,33.8,7042,Low,"{'Equity': 0.3, 'Bonds': 0.3, 'FD': 0.2, 'Real Estate': 0.1, 'Gold': 0.1}"
68,33.89,7060,High,"{'Equity': 0.5, 'Bonds': 0.2, 'FD': 0.1, 'Real Estate': 0.1, 'Gold': 0.1}"
41,33.99,7081,High,"{'Equity': 0.5, 'Bonds': 0.2, 'FD': 0.1, 'Real Estate': 0.1, 'Gold': 0.1}"
61,34.08,7100,Medium,"{'Equity': 0.4, 'Bonds': 0.25, 'FD': 0.15, 'Real Estate': 0.1, 'Gold': 0.1}"
57,34.18,7121,Medium,"{'Equity': 0.4, 'Bonds': 0.25, 'FD': 0.15, 'Real Estate': 0.1, 'Gold': 0.1}"
55,34.27,7140,Medium,"{'Equity': 0.4, 'Bonds': 0.25, 'FD': 0.15, 'Real Estate': 0.1, 'Gold': 0.1}"
44,34.36,7158,High,"{'Equity': 0.5, 'Bonds': 0.2, 'FD': 0.1, 'Real Estate': 0.1, 'Gold': 0.1}"
63,34.46,7179,Low,"{'Equity': 0.3, 'Bonds': 0.3, 'FD': 0.2, 'Real Estate': 0.1, 'Gold': 0.1}"
41,34.55,7198,High,"{'Equity': 0.5, 'Bonds': 0.2, 'FD': 0.1, 'Real Estate': 0.1, 'Gold': 0.1}"
65,34.65,7219,Low,"{'Equity': 0.3, 'Bonds': 0.3, 'FD': 0.2, 'Real Estate': 0.1, 'Gold': 0.1}"
33,34.74,7238,Medium,"{'Equity': 0.4, 'Bonds': 0.25, 'FD': 0.15, 'Real Estate': 0.1, 'Gold': 0.1}"
50,34.84,7258,Low,"{'Equity': 0.3, 'Bonds': 0.3, 'FD': 0.2, 'Real Estate': 0.1, 'Gold': 0.1}"
39,34.93,7277,High,"{'Equity': 0.5, 'Bonds': 0.2, 'FD': 0.1, 'Real Estate': 0.1, 'Gold': 0.1}"
62,35.02,7296,Medium,"{'Equity': 0.4, 'Bonds': 0.25, 'FD': 0.15, 'Real Estate': 0.1, 'Gold': 0.1}"
47,35.12,7317,Low,"{'Equity': 0.3, 'Bonds': 0.3, 'FD': 0.2, 'Real Estate': 0.1, 'Gold': 0.1}"
69,35.21,7335,High,"{'Equity': 0.5, 'Bonds': 0.2, 'FD': 0.1, 'Real Estate': 0.1, 'Gold': 0.1}"
24,35.31,7356,High,"{'Equity': 0.5, 'Bonds': 0.2, 'FD': 0.1, 'Real Estate': 0.1, 'Gold': 0.1}"
53,35.4,7375,Low,"{'Equity': 0.3, 'Bonds': 0.3, 'FD': 0.2, 'Real Estate': 0.1, 'Gold': 0.1}"
57,35.49,7394,High,"{'Equity': 0.5, 'Bonds': 0.2, 'FD': 0.1, 'Real Estate': 0.1, 'Gold': 0.1}"
64,35.59,7415,Low,"{'Equity': 0.3, 'Bonds': 0.3, 'FD': 0.2, 'Real Estate': 0.1, 'Gold': 0.1}"
41,35.68,7433,High,"{'Equity': 0.5, 'Bonds': 0.2, 'FD': 0.1, 'Real Estate': 0.1, 'Gold': 0.1}"
24,35.78,7454,High,"{'Equity': 0.5, 'Bonds': 0.2, 'FD': 0.1, 'Real Estate': 0.1, 'Gold': 0.1}"
31,35.87,7473,Medium,"{'Equity': 0.4, 'Bonds': 0.25, 'FD': 0.15, 'Real Estate': 0.1, 'Gold': 0.1}"
53,35.97,7494,High,"{'Equity': 0.5, 'Bonds': 0.2, 'FD': 0.1, 'Real Estate': 0.1, 'Gold': 0.1}"
45,36.06,7512,High,"{'Equity': 0.5, 'Bonds': 0.2, 'FD': 0.1, 'Real Estate': 0.1, 'Gold': 0.1}"
55,36.15,7531,Low,"{'Equity': 0.3, 'Bonds': 0.3, 'FD': 0.2, 'Real Estate': 0.1, 'Gold': 0.1}"
41,36.25,7552,Low,"{'Equity': 0.3, 'Bonds': 0.3, 'FD': 0.2, 'Real Estate': 0.1, 'Gold': 0.1}"
68,36.34,7571,Low,"{'Equity': 0.3, 'Bonds': 0.3, 'FD': 0.2, 'Real Estate': 0.1, 'Gold': 0.1}"
29,36.44,7592,High,"{'Equity': 0.5, 'Bonds': 0.2, 'FD': 0.1, 'Real Estate': 0.1, 'Gold': 0.1}"
60,36.53,7610,Medium,"{'Equity': 0.4, 'Bonds': 0.25, 'FD': 0.15, 'Real Estate': 0.1, 'Gold': 0.1}"
31,36.63,7631,Low,"{'Equity': 0.3, 'Bonds': 0.3, 'FD': 0.2, 'Real Estate': 0.1, 'Gold': 0.1}"
62,36.72,7650,Low,"{'Equity': 0.3, 'Bonds': 0.3, 'FD': 0.2, 'Real Estate': 0.1, 'Gold': 0.1}"
61,36.81,7669,High,"{'Equity': 0.5, 'Bonds': 0.2, 'FD': 0.1, 'Real Estate': 0.1, 'Gold': 0.1}"
59,36.91,7690,Medium,"{'Equity': 0.4, 'Bonds': 0.25, 'FD': 0.15, 'Real Estate': 0.1, 'Gold': 0.1}"
48,37.0,7708,Medium,"{'Equity': 0.4, 'Bonds': 0.25, 'FD': 0.15, 'Real Estate': 0.1, 'Gold': 0.1}"
29,37.1,7729,Medium,"{'Equity': 0.4, 'Bonds': 0.25, 'FD': 0.15, 'Real Estate': 0.1, 'Gold': 0.1}"
34,37.19,7748,High,"{'Equity': 0.5, 'Bonds': 0.2, 'FD': 0.1, 'Real Estate': 0.1, 'Gold': 0.1}"
20,37.28,7767,Low,"{'Equity': 0.3, 'Bonds': 0.3, 'FD': 0.2, 'Real Estate': 0.1, 'Gold': 0.1}"
37,37.38,7788,Low,"{'Equity': 0.3, 'Bonds': 0.3, 'FD': 0.2, 'Real Estate': 0.1, 'Gold': 0.1}"
58,37.47,7806,High,"{'Equity': 0.5, 'Bonds': 0.2, 'FD': 0.1, 'Real Estate': 0.1, 'Gold': 0.1}"
60,37.57,7827,Medium,"{'Equity': 0.4, 'Bonds': 0.25, 'FD': 0.15, 'Real Estate': 0.1, 'Gold': 0.1}"
53,37.66,7846,High,"{'Equity': 0.5, 'Bonds': 0.2, 'FD': 0.1, 'Real Estate': 0.1, 'Gold': 0.1}"
49,37.76,7867,Low,"{'Equity': 0.3, 'Bonds': 0.3, 'FD': 0.2, 'Real Estate': 0.1, 'Gold': 0.1}"
25,37.85,7885,High,"{'Equity': 0.5, 'Bonds': 0.2, 'FD': 0.1, 'Real Estate': 0.1, 'Gold': 0.1}"
63,37.94,7904,High,"{'Equity': 0.5, 'Bonds': 0.2, 'FD': 0.1, 'Real Estate': 0.1, 'Gold': 0.1}"
45,38.04,7925,Low,"{'Equity': 0.3, 'Bonds': 0.3, 'FD': 0.2, 'Real Estate': 0.1, 'Gold': 0.1}"
23,38.13,7944,Low,"{'Equity': 0.3, 'Bonds': 0.3, 'FD': 0.2, 'Real Estate': 0.1, 'Gold': 0.1}"
50,38.23,7965,Low,"{'Equity': 0.3, 'Bonds': 0.3, 'FD': 0.2, 'Real Estate': 0.1, 'Gold': 0.1}"
37,38.32,7983,Low,"{'Equity': 0.3, 'Bonds': 0.3, 'FD': 0.2, 'Real Estate': 0.1, 'Gold': 0.1}"
32,38.41,8002,Medium,"{'Equity': 0.4, 'Bonds': 0.25, 'FD': 0.15, 'Real Estate': 0.1, 'Gold': 0.1}"
35,38.51,8023,Medium,"{'Equity': 0.4, 'Bonds': 0.25, 'FD': 0.15, 'Real Estate': 0.1, 'Gold': 0.1}"
47,38.6,8042,Medium,"{'Equity': 0.4, 'Bonds': 0.25, 'FD': 0.15, 'Real Estate': 0.1, 'Gold': 0.1}"
44,38.7,8062,Medium,"{'Equity': 0.4, 'Bonds': 0.25, 'FD': 0.15, 'Real Estate': 0.1, 'Gold': 0.1}"
63,38.79,8081,Low,"{'Equity': 0.3, 'Bonds': 0.3, 'FD': 0.2, 'Real Estate': 0.1, 'Gold': 0.1}"
28,38.89,8102,High,"{'Equity': 0.5, 'Bonds': 0.2, 'FD': 0.1, 'Real Estate': 0.1, 'Gold': 0.1}"
44,38.98,8121,High,"{'Equity': 0.5, 'Bonds': 0.2, 'FD': 0.1, 'Real Estate': 0.1, 'Gold': 0.1}"
33,39.07,8140,Medium,"{'Equity': 0.4, 'Bonds': 0.25, 'FD': 0.15, 'Real Estate': 0.1, 'Gold': 0.1}"
64,39.17,8160,High,"{'Equity': 0.5, 'Bonds': 0.2, 'FD': 0.1, 'Real Estate': 0.1, 'Gold': 0.1}"
54,39.26,8179,Low,"{'Equity': 0.3, 'Bonds': 0.3, 'FD': 0.2, 'Real Estate': 0.1, 'Gold': 0.1}"
42,39.36,8200,Medium,"{'Equity': 0.4, 'Bonds': 0.25, 'FD': 0.15, 'Real Estate': 0.1, 'Gold': 0.1}"
27,39.45,8219,High,"{'Equity': 0.5, 'Bonds': 0.2, 'FD': 0.1, 'Real Estate': 0.1, 'Gold': 0.1}"
66,39.55,8240,Medium,"{'Equity': 0.4, 'Bonds': 0.25, 'FD': 0.15, 'Real Estate': 0.1, 'Gold': 0.1}"
68,39.64,8258,Medium,"{'Equity': 0.4, 'Bonds': 0.25, 'FD': 0.15, 'Real Estate': 0.1, 'Gold': 0.1}"
60,39.73,8277,Low,"{'Equity': 0.3, 'Bonds': 0.3, 'FD': 0.2, 'Real Estate': 0.1, 'Gold': 0.1}"
34,39.83,8298,Medium,"{'Equity': 0.4, 'Bonds': 0.25, 'FD': 0.15, 'Real Estate': 0.1, 'Gold': 0.1}"
22,39.92,8317,Medium,"{'Equity': 0.4, 'Bonds': 0.25, 'FD': 0.15, 'Real Estate': 0.1, 'Gold': 0.1}"
68,40.02,8338,Low,"{'Equity': 0.3, 'Bonds': 0.3, 'FD': 0.2, 'Real Estate': 0.1, 'Gold': 0.1}"
65,40.11,8356,High,"{'Equity': 0.5, 'Bonds': 0.2, 'FD': 0.1, 'Real Estate': 0.1, 'Gold': 0.1}"
31,40.2,8375,Medium,"{'Equity': 0.4, 'Bonds': 0.25, 'FD': 0.15, 'Real Estate': 0.1, 'Gold': 0.1}"
69,40.3,8396,Medium,"{'Equity': 0.4, 'Bonds': 0.25, 'FD': 0.15, 'Real Estate': 0.1, 'Gold': 0.1}"
49,40.39,8415,High,"{'Equity': 0.5, 'Bonds': 0.2, 'FD': 0.1, 'Real Estate': 0.1, 'Gold': 0.1}"
61,40.49,8435,High,"{'Equity': 0.5, 'Bonds': 0.2, 'FD': 0.1, 'Real Estate': 0.1, 'Gold': 0.1}"
34,40.58,8454,Medium,"{'Equity': 0.4, 'Bonds': 0.25, 'FD': 0.15, 'Real Estate': 0.1, 'Gold': 0.1}"
59,40.68,8475,High,"{'Equity': 0.5, 'Bonds': 0.2, 'FD': 0.1, 'Real Estate': 0.1, 'Gold': 0.1}"
21,40.77,8494,Low,"{'Equity': 0.3, 'Bonds': 0.3, 'FD': 0.2, 'Real Estate': 0.1, 'Gold': 0.1}"
26,40.86,8512,High,"{'Equity': 0.5, 'Bonds': 0.2, 'FD': 0.1, 'Real Estate': 0.1, 'Gold': 0.1}"
39,40.96,8533,Medium,"{'Equity': 0.4, 'Bonds': 0.25, 'FD': 0.15, 'Real Estate': 0.1, 'Gold': 0.1}"
64,41.05,8552,High,"{'Equity': 0.5, 'Bonds': 0.2, 'FD': 0.1, 'Real Estate': 0.1, 'Gold': 0.1}"
40,41.15,8573,Low,"{'Equity': 0.3, 'Bonds': 0.3, 'FD': 0.2, 'Real Estate': 0.1, 'Gold': 0.1}"
70,41.24,8592,Low,"{'Equity': 0.3, 'Bonds': 0.3, 'FD': 0.2, 'Real Estate': 0.1, 'Gold': 0.1}"
59,41.33,8610,Medium,"{'Equity': 0.4, 'Bonds': 0.25, 'FD': 0.15, 'Real Estate': 0.1, 'Gold': 0.1}"
60,41.43,8631,Low,"{'Equity': 0.3, 'Bonds': 0.3, 'FD': 0.2, 'Real Estate': 0.1, 'Gold': 0.1}"
64,41.52,8650,Low,"{'Equity': 0.3, 'Bonds': 0.3, 'FD': 0.2, 'Real Estate': 0.1, 'Gold': 0.1}"
39,41.62,8671,Low,"{'Equity': 0.3, 'Bonds': 0.3, 'FD': 0.2, 'Real Estate': 0.1, 'Gold': 0.1}"
54,41.71,8690,Medium,"{'Equity': 0.4, 'Bonds': 0.25, 'FD': 0.15, 'Real Estate': 0.1, 'Gold': 0.1}"
44,41.81,8710,High,"{'Equity': 0.5, 'Bonds': 0.2, 'FD': 0.1, 'Real Estate': 0.1, 'Gold': 0.1}"
61,41.9,8729,High,"{'Equity': 0.5, 'Bonds': 0.2, 'FD': 0.1, 'Real Estate': 0.1, 'Gold': 0.1}"
29,41.99,8748,Low,"{'Equity': 0.3, 'Bonds': 0.3, 'FD': 0.2, 'Real Estate': 0.1, 'Gold': 0.1}"
21,42.09,8769,High,"{'Equity': 0.5, 'Bonds': 0.2, 'FD': 0.1, 'Real Estate': 0.1, 'Gold': 0.1}"
54,42.18,8788,High,"{'Equity': 0.5, 'Bonds': 0.2, 'FD': 0.1, 'Real Estate': 0.1, 'Gold': 0.1}"
50,42.28,8808,High,"{'Equity': 0.5, 'Bonds': 0.2, 'FD': 0.1, 'Real Estate': 0.1, 'Gold': 0.1}"
67,42.37,8827,Low,"{'Equity': 0.3, 'Bonds': 0.3, 'FD': 0.2, 'Real Estate': 0.1, 'Gold': 0.1}"
70,42.46,8846,Low,"{'Equity': 0.3, 'Bonds': 0.3, 'FD': 0.2, 'Real Estate': 0.1, 'Gold': 0.1}"
45,42.56,8867,Low,"{'Equity': 0.3, 'Bonds': 0.3, 'FD': 0.2, 'Real Estate': 0.1, 'Gold': 0.1}"
70,42.65,8885,Medium,"{'Equity': 0.4, 'Bonds': 0.25, 'FD': 0.15, 'Real Estate': 0.1, 'Gold': 0.1}"
47,42.75,8906,High,"{'Equity': 0.5, 'Bonds': 0.2, 'FD': 0.1, 'Real Estate': 0.1, 'Gold': 0.1}"
36,42.84,8925,Low,"{'Equity': 0.3, 'Bonds': 0.3, 'FD': 0.2, 'Real Estate': 0.1, 'Gold': 0.1}"
34,42.94,8946,Low,"{'Equity': 0.3, 'Bonds': 0.3, 'FD': 0.2, 'Real Estate': 0.1, 'Gold': 0.1}"
36,43.03,8965,Medium,"{'Equity': 0.4, 'Bonds': 0.25, 'FD': 0.15, 'Real Estate': 0.1, 'Gold': 0.1}"
66,43.12,8983,Medium,"{'Equity': 0.4, 'Bonds': 0.25, 'FD': 0.15, 'Real Estate': 0.1, 'Gold': 0.1}"
68,43.22,9004,High,"{'Equity': 0.5, 'Bonds': 0.2, 'FD': 0.1, 'Real Estate': 0.1, 'Gold': 0.1}"
35,43.31,9023,Low,"{'Equity': 0.3, 'Bonds': 0.3, 'FD': 0.2, 'Real Estate': 0.1, 'Gold': 0.1}"
35,43.41,9044,Low,"{'Equity': 0.3, 'Bonds': 0.3, 'FD': 0.2, 'Real Estate': 0.1, 'Gold': 0.1}"
22,43.5,9062,Low,"{'Equity': 0.3, 'Bonds': 0.3, 'FD': 0.2, 'Real Estate': 0.1, 'Gold': 0.1}"
67,43.6,9083,Medium,"{'Equity': 0.4, 'Bonds': 0.25, 'FD': 0.15, 'Real Estate': 0.1, 'Gold': 0.1}"
33,43.69,9102,Medium,"{'Equity': 0.4, 'Bonds': 0.25, 'FD': 0.15, 'Real Estate': 0.1, 'Gold': 0.1}"
40,43.78,9121,Medium,"{'Equity': 0.4, 'Bonds': 0.25, 'FD': 0.15, 'Real Estate': 0.1, 'Gold': 0.1}"
20,43.88,9142,Low,"{'Equity': 0.3, 'Bonds': 0.3, 'FD': 0.2, 'Real Estate': 0.1, 'Gold': 0.1}"
65,43.97,9160,Low,"{'Equity': 0.3, 'Bonds': 0.3, 'FD': 0.2, 'Real Estate': 0.1, 'Gold': 0.1}"
38,44.07,9181,Low,"{'Equity': 0.3, 'Bonds': 0.3, 'FD': 0.2, 'Real Estate': 0.1, 'Gold': 0.1}"
69,44.16,9200,High,"{'Equity': 0.5, 'Bonds': 0.2, 'FD': 0.1, 'Real Estate': 0.1, 'Gold': 0.1}"
61,44.25,9219,Low,"{'Equity': 0.3, 'Bonds': 0.3, 'FD': 0.2, 'Real Estate': 0.1, 'Gold': 0.1}"
70,44.35,9240,Medium,"{'Equity': 0.4, 'Bonds': 0.25, 'FD': 0.15, 'Real Estate': 0.1, 'Gold': 0.1}"
29,44.44,9258,Medium,"{'Equity': 0.4, 'Bonds': 0.25, 'FD': 0.15, 'Real Estate': 0.1, 'Gold': 0.1}"
56,44.54,9279,Medium,"{'Equity': 0.4, 'Bonds': 0.25, 'FD': 0.15, 'Real Estate': 0.1, 'Gold': 0.1}"
24,44.63,9298,Low,"{'Equity': 0.3, 'Bonds': 0.3, 'FD': 0.2, 'Real Estate': 0.1, 'Gold': 0.1}"
58,44.73,9319,High,"{'Equity': 0.5, 'Bonds': 0.2, 'FD': 0.1, 'Real Estate': 0.1, 'Gold': 0.1}"
35,44.82,9338,High,"{'Equity': 0.5, 'Bonds': 0.2, 'FD': 0.1, 'Real Estate': 0.1, 'Gold': 0.1}"
61,44.91,9356,High,"{'Equity': 0.5, 'Bonds': 0.2, 'FD': 0.1, 'Real Estate': 0.1, 'Gold': 0.1}"
37,45.01,9377,High,"{'Equity': 0.5, 'Bonds': 0.2, 'FD': 0.1, 'Real Estate': 0.1, 'Gold': 0.1}"
35,45.1,9396,High,"{'Equity': 0.5, 'Bonds': 0.2, 'FD': 0.1, 'Real Estate': 0.1, 'Gold': 0.1}"
50,45.2,9417,Low,"{'Equity': 0.3, 'Bonds': 0.3, 'FD': 0.2, 'Real Estate': 0.1, 'Gold': 0.1}"
54,45.29,9435,High,"{'Equity': 0.5, 'Bonds': 0.2, 'FD': 0.1, 'Real Estate': 0.1, 'Gold': 0.1}"
64,45.38,9454,High,"{'Equity': 0.5, 'Bonds': 0.2, 'FD': 0.1, 'Real Estate': 0.1, 'Gold': 0.1}"
61,45.48,9475,Medium,"{'Equity': 0.4, 'Bonds': 0.25, 'FD': 0.15, 'Real Estate': 0.1, 'Gold': 0.1}"
59,45.57,9494,Medium,"{'Equity': 0.4, 'Bonds': 0.25, 'FD': 0.15, 'Real Estate': 0.1, 'Gold': 0.1}"
43,45.67,9515,Medium,"{'Equity': 0.4, 'Bonds': 0.25, 'FD': 0.15, 'Real Estate': 0.1, 'Gold': 0.1}"
49,45.76,9533,Low,"{'Equity': 0.3, 'Bonds': 0.3, 'FD': 0.2, 'Real Estate': 0.1, 'Gold': 0.1}"
25,45.86,9554,High,"{'Equity': 0.5, 'Bonds': 0.2, 'FD': 0.1, 'Real Estate': 0.1, 'Gold': 0.1}"
36,45.95,9573,Low,"{'Equity': 0.3, 'Bonds': 0.3, 'FD': 0.2, 'Real Estate': 0.1, 'Gold': 0.1}"
49,46.04,9592,High,"{'Equity': 0.5, 'Bonds': 0.2, 'FD': 0.1, 'Real Estate': 0.1, 'Gold': 0.1}"
39,46.14,9612,High,"{'Equity': 0.5, 'Bonds': 0.2, 'FD': 0.1, 'Real Estate': 0.1, 'Gold': 0.1}"
49,46.23,9631,High,"{'Equity': 0.5, 'Bonds': 0.2, 'FD': 0.1, 'Real Estate': 0.1, 'Gold': 0.1}"
50,46.33,9652,Low,"{'Equity': 0.3, 'Bonds': 0.3, 'FD': 0.2, 'Real Estate': 0.1, 'Gold': 0.1}"
67,46.42,9671,High,"{'Equity': 0.5, 'Bonds': 0.2, 'FD': 0.1, 'Real Estate': 0.1, 'Gold': 0.1}"
41,46.52,9692,Medium,"{'Equity': 0.4, 'Bonds': 0.25, 'FD': 0.15, 'Real Estate': 0.1, 'Gold': 0.1}"
70,46.61,9710,High,"{'Equity': 0.5, 'Bonds': 0.2, 'FD': 0.1, 'Real Estate': 0.1, 'Gold': 0.1}"
65,46.7,9729,Low,"{'Equity': 0.3, 'Bonds': 0.3, 'FD': 0.2, 'Real Estate': 0.1, 'Gold': 0.1}"
70,46.8,9750,High,"{'Equity': 0.5, 'Bonds': 0.2, 'FD': 0.1, 'Real Estate': 0.1, 'Gold': 0.1}"
54,46.89,9769,High,"{'Equity': 0.5, 'Bonds': 0.2, 'FD': 0.1, 'Real Estate': 0.1, 'Gold': 0.1}"
65,46.99,9790,Medium,"{'Equity': 0.4, 'Bonds': 0.25, 'FD': 0.15, 'Real Estate': 0.1, 'Gold': 0.1}"
56,47.08,9808,High,"{'Equity': 0.5, 'Bonds': 0.2, 'FD': 0.1, 'Real Estate': 0.1, 'Gold': 0.1}"
33,47.17,9827,Medium,"{'Equity': 0.4, 'Bonds': 0.25, 'FD': 0.15, 'Real Estate': 0.1, 'Gold': 0.1}"
58,47.27,9848,Medium,"{'Equity': 0.4, 'Bonds': 0.25, 'FD': 0.15, 'Real Estate': 0.1, 'Gold': 0.1}"
57,47.36,9867,Medium,"{'Equity': 0.4, 'Bonds': 0.25, 'FD': 0.15, 'Real Estate': 0.1, 'Gold': 0.1}"
42,47.46,9888,High,"{'Equity': 0.5, 'Bonds': 0.2, 'FD': 0.1, 'Real Estate': 0.1, 'Gold': 0.1}"
42,47.55,9906,Medium,"{'Equity': 0.4, 'Bonds': 0.25, 'FD': 0.15, 'Real Estate': 0.1, 'Gold': 0.1}"
27,47.65,9927,Low,"{'Equity': 0.3, 'Bonds': 0.3, 'FD': 0.2, 'Real Estate': 0.1, 'Gold': 0.1}"
21,47.74,9946,Low,"{'Equity': 0.3, 'Bonds': 0.3, 'FD': 0.2, 'Real Estate': 0.1, 'Gold': 0.1}"
43,47.83,9965,Low,"{'Equity': 0.3, 'Bonds': 0.3, 'FD': 0.2, 'Real Estate': 0.1, 'Gold': 0.1}"
67,47.93,9985,Low,"{'Equity': 0.3, 'Bonds': 0.3, 'FD': 0.2, 'Real Estate': 0.1, 'Gold': 0.1}"
68,48.02,10004,Medium,"{'Equity': 0.4, 'Bonds': 0.25, 'FD': 0.15, 'Real Estate': 0.1, 'Gold': 0.1}"
65,48.12,10025,High,"{'Equity': 0.5, 'Bonds': 0.2, 'FD': 0.1, 'Real Estate': 0.1, 'Gold': 0.1}"
62,48.21,10044,High,"{'Equity': 0.5, 'Bonds': 0.2, 'FD': 0.1, 'Real Estate': 0.1, 'Gold': 0.1}"
49,48.3,10062,Low,"{'Equity': 0.3, 'Bonds': 0.3, 'FD': 0.2, 'Real Estate': 0.1, 'Gold': 0.1}"
42,48.4,10083,Low,"{'Equity': 0.3, 'Bonds': 0.3, 'FD': 0.2, 'Real Estate': 0.1, 'Gold': 0.1}"
56,48.49,10102,Low,"{'Equity': 0.3, 'Bonds': 0.3, 'FD': 0.2, 'Real Estate': 0.1, 'Gold': 0.1}"
34,48.59,10123,High,"{'Equity': 0.5, 'Bonds': 0.2, 'FD': 0.1, 'Real Estate': 0.1, 'Gold': 0.1}"
56,48.68,10142,Medium,"{'Equity': 0.4, 'Bonds': 0.25, 'FD': 0.15, 'Real Estate': 0.1, 'Gold': 0.1}"
31,48.78,10162,Medium,"{'Equity': 0.4, 'Bonds': 0.25, 'FD': 0.15, 'Real Estate': 0.1, 'Gold': 0.1}"
64,48.87,10181,High,"{'Equity': 0.5, 'Bonds': 0.2, 'FD': 0.1, 'Real Estate': 0.1, 'Gold': 0.1}"
49,48.96,10200,Medium,"{'Equity': 0.4, 'Bonds': 0.25, 'FD': 0.15, 'Real Estate': 0.1, 'Gold': 0.1}"
48,49.06,10221,Low,"{'Equity': 0.3, 'Bonds': 0.3, 'FD': 0.2, 'Real Estate': 0.1, 'Gold': 0.1}"
50,49.15,10240,Low,"{'Equity': 0.3, 'Bonds': 0.3, 'FD': 0.2, 'Real Estate': 0.1, 'Gold': 0.1}"
65,49.25,10260,Low,"{'Equity': 0.3, 'Bonds': 0.3, 'FD': 0.2, 'Real Estate': 0.1, 'Gold': 0.1}"
50,49.34,10279,High,"{'Equity': 0.5, 'Bonds': 0.2, 'FD': 0.1, 'Real Estate': 0.1, 'Gold': 0.1}"
59,49.43,10298,Low,"{'Equity': 0.3, 'Bonds': 0.3, 'FD': 0.2, 'Real Estate': 0.1, 'Gold': 0.1}"
46,49.53,10319,High,"{'Equity': 0.5, 'Bonds': 0.2, 'FD': 0.1, 'Real Estate': 0.1, 'Gold': 0.1}"
33,49.62,10338,Medium,"{'Equity': 0.4, 'Bonds': 0.25, 'FD': 0.15, 'Real Estate': 0.1, 'Gold': 0.1}"
61,49.72,10358,Low,"{'Equity': 0.3, 'Bonds': 0.3, 'FD': 0.2, 'Real Estate': 0.1, 'Gold': 0.1}"
30,49.81,10377,Medium,"{'Equity': 0.4, 'Bonds': 0.25, 'FD': 0.15, 'Real Estate': 0.1, 'Gold': 0.1}"
20,49.91,10398,High,"{'Equity': 0.5, 'Bonds': 0.2, 'FD': 0.1, 'Real Estate': 0.1, 'Gold': 0.1}"
37,50.0,10417,High,"{'Equity': 0.5, 'Bonds': 0.2, 'FD': 0.1, 'Real Estate': 0.1, 'Gold': 0.1}"
